niege,CSE220-01-1158
zhuawei123321,CSE220-02-1158
rongduanmu,CSE220-03-1158
yuegao,CSE220-04-1158
tianjing,CSE220-05-1158
jiangao,CSE220-06-1158
nvxue,CSE220-07-1158
banmo,CSE220-08-1158
shaoxiang,CSE220-09-1158
zhenying,CSE220-10-1158
zhenying,CSE320-01-1158
shaoxiang,CSE320-02-1158
banmo,CSE320-03-1158
nvxue,CSE320-04-1158
jiangao,CSE320-05-1158
tianjing,CSE320-06-1158
yuegao,CSE320-07-1158
rongduanmu,CSE320-08-1158
zhuawei,CSE320-09-1158
niege,CSE320-10-1158
zhuawei,CSE390-01-1159
niege,CSE390-02-1159
yuegao,CSE390-03-1159
rongduanmu,CSE390-04-1159
jiangao,CSE390-05-1159
tianjing,CSE390-06-1159
banmo,CSE390-07-1159
nvxue,CSE390-08-1159
zhenying,CSE390-09-1159
shaoxiang,CSE390-10-1159
shaoxiang,CSE545-01-1160
zhenying,CSE545-02-1160
nvxue,CSE545-03-1160
banmo,CSE545-04-1160
tianjing,CSE545-05-1160
jiangao,CSE545-06-1160
rongduanmu,CSE545-07-1160
yuegao,CSE545-08-1160
zhuawei,CSE545-09-1160
niege,CSE545-10-1160