Last Name,First Name,User Id,Email,Password,Role
Corkery,Emely,ECorkery,Emely.Corkery@example.com,123,instructor
Kub,Desmond,DKub,Desmond.Kub@example.com,123,instructor
Padberg,Santina,SPadberg,Santina.Padberg@example.com,123,instructor
Kozey,Earline,EKozey,Earline.Kozey@example.com,123,instructor
Hand,Sydney,SHand,Sydney.Hand@example.com,123,instructor
Wisozk,Sylvan,SWisozk,Sylvan.Wisozk@example.com,123,instructor
O'Connell,Lyric,LO'Connell,Lyric.O'Connell@example.com,123,instructor
Ritchie,Pat,PRitchie,Pat.Ritchie@example.com,123,instructor
Emmerich,Jettie,JEmmerich,Jettie.Emmerich@example.com,123,instructor
Gorczany,Marco,MGorczany,Marco.Gorczany@example.com,123,instructor
McKenzie,Ari,AMcKenzie,Ari.McKenzie@example.com,123,instructor
Stamm,Rylan,RStamm,Rylan.Stamm@example.com,123,instructor
Hintz,Trace,THintz,Trace.Hintz@example.com,123,instructor
Heller,Will,WHeller,Will.Heller@example.com,123,instructor
Lockman,Tianna,TLockman,Tianna.Lockman@example.com,123,instructor
Luettgen,Trey,TLuettgen,Trey.Luettgen@example.com,123,instructor
Kuhlman,Lorenzo,LKuhlman,Lorenzo.Kuhlman@example.com,123,instructor
Wiza,Lily,LWiza,Lily.Wiza@example.com,123,instructor
Parisian,Emma,EParisian,Emma.Parisian@example.com,123,instructor
Wolf,Edison,EWolf,Edison.Wolf@example.com,123,instructor
Rau,Maurice,MRau,Maurice.Rau@example.com,123,instructor
Nitzsche,Nick,NNitzsche,Nick.Nitzsche@example.com,123,instructor
Weber,Iliana,IWeber,Iliana.Weber@example.com,123,instructor
Medhurst,Viola,VMedhurst,Viola.Medhurst@example.com,123,instructor
Hirthe,Shyanne,SHirthe,Shyanne.Hirthe@example.com,123,instructor
Deckow,Rosemarie,RDeckow,Rosemarie.Deckow@example.com,123,instructor
Parker,Odie,OParker,Odie.Parker@example.com,123,instructor
Morar,Hermina,HMorar,Hermina.Morar@example.com,123,instructor
Casper,Ozella,OCasper,Ozella.Casper@example.com,123,instructor
Kerluke,Toy,TKerluke,Toy.Kerluke@example.com,123,instructor
Jacobi,Eladio,EJacobi,Eladio.Jacobi@example.com,123,instructor
Goodwin,Kylie,KGoodwin,Kylie.Goodwin@example.com,123,instructor
Reichert,Sadye,SReichert,Sadye.Reichert@example.com,123,instructor
Prosacco,Christa,CProsacco,Christa.Prosacco@example.com,123,instructor
Mitchell,Whitney,WMitchell,Whitney.Mitchell@example.com,123,instructor
Langworth,Darby,DLangworth,Darby.Langworth@example.com,123,instructor
Harris,Annabelle,AHarris,Annabelle.Harris@example.com,123,instructor
Upton,Ollie,OUpton,Ollie.Upton@example.com,123,instructor
Nikolaus,Alejandra,ANikolaus,Alejandra.Nikolaus@example.com,123,instructor
Bergstrom,Alivia,ABergstrom,Alivia.Bergstrom@example.com,123,instructor
Johnston,Kyra,KJohnston,Kyra.Johnston@example.com,123,instructor
Wunsch,Charlie,CWunsch,Charlie.Wunsch@example.com,123,instructor
Runolfsdottir,Dewitt,DRunolfsdottir,Dewitt.Runolfsdottir@example.com,123,instructor
Boehm,Faye,FBoehm,Faye.Boehm@example.com,123,instructor
McKenzie,Antonette,AMcKenzie,Antonette.McKenzie@example.com,123,instructor
Grant,Elmore,EGrant,Elmore.Grant@example.com,123,instructor
Schulist,Burnice,BSchulist,Burnice.Schulist@example.com,123,instructor
Legros,Millie,MLegros,Millie.Legros@example.com,123,instructor
Boyle,Emma,EBoyle,Emma.Boyle@example.com,123,instructor
Weber,Abdul,AWeber,Abdul.Weber@example.com,123,instructor
Effertz,Jo,JEffertz,Jo.Effertz@example.com,123,instructor
Langosh,Maggie,MLangosh,Maggie.Langosh@example.com,123,instructor
Muller,Jayson,JMuller,Jayson.Muller@example.com,123,instructor
Heaney,Jace,JHeaney,Jace.Heaney@example.com,123,instructor
Bednar,Gregorio,GBednar,Gregorio.Bednar@example.com,123,instructor
Crooks,Kenya,KCrooks,Kenya.Crooks@example.com,123,instructor
Johns,Eve,EJohns,Eve.Johns@example.com,123,instructor
Sporer,Demond,DSporer,Demond.Sporer@example.com,123,instructor
Rolfson,Linnie,LRolfson,Linnie.Rolfson@example.com,123,instructor
Corkery,Jeff,JCorkery,Jeff.Corkery@example.com,123,instructor
Robel,Norberto,NRobel,Norberto.Robel@example.com,123,instructor
Hoppe,Elfrieda,EHoppe,Elfrieda.Hoppe@example.com,123,instructor
Hand,Vicky,VHand,Vicky.Hand@example.com,123,instructor
Kuphal,Omer,OKuphal,Omer.Kuphal@example.com,123,instructor
Kulas,Erica,EKulas,Erica.Kulas@example.com,123,instructor
Dibbert,Noelia,NDibbert,Noelia.Dibbert@example.com,123,instructor
Streich,Megane,MStreich,Megane.Streich@example.com,123,instructor
Feeney,Nikolas,NFeeney,Nikolas.Feeney@example.com,123,instructor
Kunze,Dixie,DKunze,Dixie.Kunze@example.com,123,instructor
Wisozk,Alek,AWisozk,Alek.Wisozk@example.com,123,instructor
Lindgren,Rafael,RLindgren,Rafael.Lindgren@example.com,123,instructor
Leannon,Jacques,JLeannon,Jacques.Leannon@example.com,123,instructor
Mosciski,Justine,JMosciski,Justine.Mosciski@example.com,123,instructor
Runte,Teresa,TRunte,Teresa.Runte@example.com,123,instructor
Rosenbaum,Ora,ORosenbaum,Ora.Rosenbaum@example.com,123,instructor
Leuschke,Emiliano,ELeuschke,Emiliano.Leuschke@example.com,123,instructor
Turcotte,Shirley,STurcotte,Shirley.Turcotte@example.com,123,instructor
Conn,Michaela,MConn,Michaela.Conn@example.com,123,instructor
Hayes,Henri,HHayes,Henri.Hayes@example.com,123,instructor
Johns,Raymundo,RJohns,Raymundo.Johns@example.com,123,instructor
Stamm,Dennis,DStamm,Dennis.Stamm@example.com,123,instructor
McLaughlin,Rubie,RMcLaughlin,Rubie.McLaughlin@example.com,123,instructor
Windler,Janessa,JWindler,Janessa.Windler@example.com,123,instructor
Becker,Augusta,ABecker,Augusta.Becker@example.com,123,instructor
Corkery,Deontae,DCorkery,Deontae.Corkery@example.com,123,instructor
Bode,Orie,OBode,Orie.Bode@example.com,123,instructor
Wisoky,Heather,HWisoky,Heather.Wisoky@example.com,123,instructor
Brakus,Reed,RBrakus,Reed.Brakus@example.com,123,instructor
Huel,Grace,GHuel,Grace.Huel@example.com,123,instructor
Hodkiewicz,Hunter,HHodkiewicz,Hunter.Hodkiewicz@example.com,123,instructor
Fisher,Jalen,JFisher,Jalen.Fisher@example.com,123,instructor
Fahey,Stephany,SFahey,Stephany.Fahey@example.com,123,instructor
Schimmel,Uriel,USchimmel,Uriel.Schimmel@example.com,123,instructor
Shanahan,Roosevelt,RShanahan,Roosevelt.Shanahan@example.com,123,instructor
Goldner,Kaci,KGoldner,Kaci.Goldner@example.com,123,instructor
McLaughlin,Effie,EMcLaughlin,Effie.McLaughlin@example.com,123,instructor
Heidenreich,Domenick,DHeidenreich,Domenick.Heidenreich@example.com,123,instructor
Murazik,Octavia,OMurazik,Octavia.Murazik@example.com,123,instructor
Greenholt,Lindsay,LGreenholt,Lindsay.Greenholt@example.com,123,instructor
Durgan,Lowell,LDurgan,Lowell.Durgan@example.com,123,instructor
Fadel,Mina,MFadel,Mina.Fadel@example.com,123,instructor
Christiansen,Bailey,BChristiansen,Bailey.Christiansen@example.com,123,instructor
Crona,Annette,ACrona,Annette.Crona@example.com,123,instructor
Haley,Heber,HHaley,Heber.Haley@example.com,123,instructor
Price,Drew,DPrice,Drew.Price@example.com,123,instructor
Oberbrunner,Freeman,FOberbrunner,Freeman.Oberbrunner@example.com,123,instructor
Stroman,Shanny,SStroman,Shanny.Stroman@example.com,123,instructor
Bayer,Deontae,DBayer,Deontae.Bayer@example.com,123,instructor
Williamson,Crystel,CWilliamson,Crystel.Williamson@example.com,123,instructor
Heaney,Van,VHeaney,Van.Heaney@example.com,123,instructor
Schimmel,Baron,BSchimmel,Baron.Schimmel@example.com,123,instructor
Balistreri,Jaron,JBalistreri,Jaron.Balistreri@example.com,123,instructor
Hagenes,Dino,DHagenes,Dino.Hagenes@example.com,123,instructor
Doyle,Gracie,GDoyle,Gracie.Doyle@example.com,123,instructor
Lynch,Brisa,BLynch,Brisa.Lynch@example.com,123,instructor
Bechtelar,Nettie,NBechtelar,Nettie.Bechtelar@example.com,123,instructor
Bernier,Ed,EBernier,Ed.Bernier@example.com,123,instructor
Ankunding,Kianna,KAnkunding,Kianna.Ankunding@example.com,123,instructor
Heidenreich,Karli,KHeidenreich,Karli.Heidenreich@example.com,123,instructor
Lynch,Kenneth,KLynch,Kenneth.Lynch@example.com,123,instructor
Kihn,Genesis,GKihn,Genesis.Kihn@example.com,123,instructor
Cormier,Reta,RCormier,Reta.Cormier@example.com,123,instructor
Lynch,Garrison,GLynch,Garrison.Lynch@example.com,123,instructor
Reynolds,Emilio,EReynolds,Emilio.Reynolds@example.com,123,instructor
Blick,William,WBlick,William.Blick@example.com,123,instructor
Morar,Taurean,TMorar,Taurean.Morar@example.com,123,instructor
Jaskolski,Tommie,TJaskolski,Tommie.Jaskolski@example.com,123,instructor
Labadie,Rafael,RLabadie,Rafael.Labadie@example.com,123,instructor
Senger,Wilhelm,WSenger,Wilhelm.Senger@example.com,123,instructor
Walter,Rory,RWalter,Rory.Walter@example.com,123,instructor
Sipes,Chelsie,CSipes,Chelsie.Sipes@example.com,123,instructor
Jacobs,Mercedes,MJacobs,Mercedes.Jacobs@example.com,123,instructor
Berge,Daryl,DBerge,Daryl.Berge@example.com,123,instructor
Wilderman,Skyla,SWilderman,Skyla.Wilderman@example.com,123,instructor
Ortiz,Pearlie,POrtiz,Pearlie.Ortiz@example.com,123,instructor
Rowe,Keshaun,KRowe,Keshaun.Rowe@example.com,123,instructor
Lynch,Belle,BLynch,Belle.Lynch@example.com,123,instructor
Ratke,Phyllis,PRatke,Phyllis.Ratke@example.com,123,instructor
Lind,Johan,JLind,Johan.Lind@example.com,123,instructor
Sanford,Destinee,DSanford,Destinee.Sanford@example.com,123,instructor
Wuckert,Monserrate,MWuckert,Monserrate.Wuckert@example.com,123,instructor
Kihn,Will,WKihn,Will.Kihn@example.com,123,instructor
Kiehn,Ilene,IKiehn,Ilene.Kiehn@example.com,123,instructor
Williamson,Annie,AWilliamson,Annie.Williamson@example.com,123,instructor
Hagenes,Sabina,SHagenes,Sabina.Hagenes@example.com,123,instructor
Goyette,Daisha,DGoyette,Daisha.Goyette@example.com,123,instructor
Sporer,Josiah,JSporer,Josiah.Sporer@example.com,123,instructor
O'Kon,Melisa,MO'Kon,Melisa.O'Kon@example.com,123,instructor
Gusikowski,Brock,BGusikowski,Brock.Gusikowski@example.com,123,instructor
Volkman,Agnes,AVolkman,Agnes.Volkman@example.com,123,instructor
Franecki,Amira,AFranecki,Amira.Franecki@example.com,123,instructor
Olson,Rosie,ROlson,Rosie.Olson@example.com,123,instructor
Pagac,John,JPagac,John.Pagac@example.com,123,instructor
Smith,Verla,VSmith,Verla.Smith@example.com,123,instructor
Rice,Kelsi,KRice,Kelsi.Rice@example.com,123,instructor
Becker,Terence,TBecker,Terence.Becker@example.com,123,instructor
Ortiz,Hoyt,HOrtiz,Hoyt.Ortiz@example.com,123,instructor
Hansen,Autumn,AHansen,Autumn.Hansen@example.com,123,instructor
Medhurst,Jakayla,JMedhurst,Jakayla.Medhurst@example.com,123,instructor
Farrell,Vince,VFarrell,Vince.Farrell@example.com,123,instructor
West,Isabelle,IWest,Isabelle.West@example.com,123,instructor
Funk,Matilda,MFunk,Matilda.Funk@example.com,123,instructor
Jewess,Summer,SJewess,Summer.Jewess@example.com,123,instructor
Jacobs,Mikel,MJacobs,Mikel.Jacobs@example.com,123,instructor
Ebert,Moises,MEbert,Moises.Ebert@example.com,123,instructor
Roberts,Meredith,MRoberts,Meredith.Roberts@example.com,123,instructor
Lockman,Edwin,ELockman,Edwin.Lockman@example.com,123,instructor
Franecki,Madyson,MFranecki,Madyson.Franecki@example.com,123,instructor
Kassulke,Andre,AKassulke,Andre.Kassulke@example.com,123,instructor
Marvin,Stephon,SMarvin,Stephon.Marvin@example.com,123,instructor
Hoppe,Aniya,AHoppe,Aniya.Hoppe@example.com,123,instructor
Stracke,Estrella,EStracke,Estrella.Stracke@example.com,123,instructor
Blick,Sierra,SBlick,Sierra.Blick@example.com,123,instructor
Gusikowski,Daisha,DGusikowski,Daisha.Gusikowski@example.com,123,instructor
Feeney,Roel,RFeeney,Roel.Feeney@example.com,123,instructor
Lynch,Marian,MLynch,Marian.Lynch@example.com,123,instructor
Grant,Domenick,DGrant,Domenick.Grant@example.com,123,instructor
Sanford,Manuela,MSanford,Manuela.Sanford@example.com,123,instructor
Jaskolski,Kyla,KJaskolski,Kyla.Jaskolski@example.com,123,instructor
Shanahan,Lucas,LShanahan,Lucas.Shanahan@example.com,123,instructor
Spencer,Jany,JSpencer,Jany.Spencer@example.com,123,instructor
Goldner,Elfrieda,EGoldner,Elfrieda.Goldner@example.com,123,instructor
Kautzer,Thaddeus,TKautzer,Thaddeus.Kautzer@example.com,123,instructor
Bartell,Gloria,GBartell,Gloria.Bartell@example.com,123,instructor
Kuhic,Phoebe,PKuhic,Phoebe.Kuhic@example.com,123,instructor
Kulas,Geovanni,GKulas,Geovanni.Kulas@example.com,123,instructor
Dibbert,Eli,EDibbert,Eli.Dibbert@example.com,123,instructor
Stroman,Jocelyn,JStroman,Jocelyn.Stroman@example.com,123,instructor
Mosciski,Francisca,FMosciski,Francisca.Mosciski@example.com,123,instructor
Haag,Payton,PHaag,Payton.Haag@example.com,123,instructor
Jones,Gabe,GJones,Gabe.Jones@example.com,123,instructor
Swaniawski,Kali,KSwaniawski,Kali.Swaniawski@example.com,123,instructor
Hackett,Ashleigh,AHackett,Ashleigh.Hackett@example.com,123,instructor
Lindgren,Elmore,ELindgren,Elmore.Lindgren@example.com,123,instructor
Breitenberg,Shaniya,SBreitenberg,Shaniya.Breitenberg@example.com,123,instructor
Bailey,Willis,WBailey,Willis.Bailey@example.com,123,instructor
Hoeger,Mabelle,MHoeger,Mabelle.Hoeger@example.com,123,instructor
McCullough,Kelley,KMcCullough,Kelley.McCullough@example.com,123,instructor
Hilll,Demario,DHilll,Demario.Hilll@example.com,123,instructor
Baumbach,Arnold,ABaumbach,Arnold.Baumbach@example.com,123,instructor
Huels,Khalid,KHuels,Khalid.Huels@example.com,123,instructor
Barton,Eliezer,EBarton,Eliezer.Barton@example.com,123,instructor
Reilly,Aniya,AReilly,Aniya.Reilly@example.com,123,instructor
Wiza,Elva,EWiza,Elva.Wiza@example.com,123,instructor
Keeling,Cristal,CKeeling,Cristal.Keeling@example.com,123,instructor
Leannon,Kitty,KLeannon,Kitty.Leannon@example.com,123,instructor
Cole,Glenda,GCole,Glenda.Cole@example.com,123,instructor
Lang,Taya,TLang,Taya.Lang@example.com,123,instructor
Bartell,Monique,MBartell,Monique.Bartell@example.com,123,instructor
Pacocha,Montana,MPacocha,Montana.Pacocha@example.com,123,instructor
Schultz,Afton,ASchultz,Afton.Schultz@example.com,123,instructor
Mann,Fae,FMann,Fae.Mann@example.com,123,instructor
Bruen,Marisa,MBruen,Marisa.Bruen@example.com,123,instructor
Schumm,Lea,LSchumm,Lea.Schumm@example.com,123,instructor
O'Conner,Gwendolyn,GO'Conner,Gwendolyn.O'Conner@example.com,123,instructor
Nolan,Hayden,HNolan,Hayden.Nolan@example.com,123,instructor
Larson,Lester,LLarson,Lester.Larson@example.com,123,instructor
Luettgen,Bertrand,BLuettgen,Bertrand.Luettgen@example.com,123,instructor
Murphy,Geovany,GMurphy,Geovany.Murphy@example.com,123,instructor
Sanford,Dalton,DSanford,Dalton.Sanford@example.com,123,instructor
Friesen,Erika,EFriesen,Erika.Friesen@example.com,123,instructor
Keebler,Melba,MKeebler,Melba.Keebler@example.com,123,instructor
Tremblay,Hailee,HTremblay,Hailee.Tremblay@example.com,123,instructor
Weimann,Lazaro,LWeimann,Lazaro.Weimann@example.com,123,instructor
Langworth,Benton,BLangworth,Benton.Langworth@example.com,123,instructor
Leffler,Hillard,HLeffler,Hillard.Leffler@example.com,123,instructor
Schoen,General,GSchoen,General.Schoen@example.com,123,instructor
Gaylord,Wendell,WGaylord,Wendell.Gaylord@example.com,123,instructor
White,Mateo,MWhite,Mateo.White@example.com,123,instructor
Larkin,Luciano,LLarkin,Luciano.Larkin@example.com,123,instructor
Mraz,Constance,CMraz,Constance.Mraz@example.com,123,instructor
Ebert,Richmond,REbert,Richmond.Ebert@example.com,123,instructor
Bergstrom,Michale,MBergstrom,Michale.Bergstrom@example.com,123,instructor
Zieme,Sigmund,SZieme,Sigmund.Zieme@example.com,123,instructor
Reilly,Dashawn,DReilly,Dashawn.Reilly@example.com,123,instructor
Hickle,Leola,LHickle,Leola.Hickle@example.com,123,instructor
Ryan,Alia,ARyan,Alia.Ryan@example.com,123,instructor
Homenick,Edmond,EHomenick,Edmond.Homenick@example.com,123,instructor
Blick,Felicity,FBlick,Felicity.Blick@example.com,123,instructor
Corwin,Vivian,VCorwin,Vivian.Corwin@example.com,123,instructor
Ritchie,Greta,GRitchie,Greta.Ritchie@example.com,123,instructor
Simonis,Armando,ASimonis,Armando.Simonis@example.com,123,instructor
Von,Natalia,NVon,Natalia.Von@example.com,123,instructor
Kunze,Heaven,HKunze,Heaven.Kunze@example.com,123,instructor
Wilkinson,Crystal,CWilkinson,Crystal.Wilkinson@example.com,123,instructor
Smith,Easton,ESmith,Easton.Smith@example.com,123,instructor
Parker,Alba,AParker,Alba.Parker@example.com,123,instructor
Reilly,Angelica,AReilly,Angelica.Reilly@example.com,123,instructor
Rutherford,Albertha,ARutherford,Albertha.Rutherford@example.com,123,instructor
Williamson,Wilfred,WWilliamson,Wilfred.Williamson@example.com,123,instructor
Becker,Cathrine,CBecker,Cathrine.Becker@example.com,123,instructor
Graham,Mustafa,MGraham,Mustafa.Graham@example.com,123,instructor
Pfeffer,Coleman,CPfeffer,Coleman.Pfeffer@example.com,123,instructor
Green,Isabelle,IGreen,Isabelle.Green@example.com,123,instructor
Anderson,Horacio,HAnderson,Horacio.Anderson@example.com,123,instructor
Balistreri,Russ,RBalistreri,Russ.Balistreri@example.com,123,instructor
Herzog,Roman,RHerzog,Roman.Herzog@example.com,123,instructor
Hessel,Uriah,UHessel,Uriah.Hessel@example.com,123,instructor
Reilly,Vida,VReilly,Vida.Reilly@example.com,123,instructor
Prosacco,Rasheed,RProsacco,Rasheed.Prosacco@example.com,123,instructor
McGlynn,Yazmin,YMcGlynn,Yazmin.McGlynn@example.com,123,instructor
Greenfelder,Odie,OGreenfelder,Odie.Greenfelder@example.com,123,instructor
Swift,Alene,ASwift,Alene.Swift@example.com,123,instructor
Kunze,Lexus,LKunze,Lexus.Kunze@example.com,123,instructor
Langworth,Eino,ELangworth,Eino.Langworth@example.com,123,instructor
Gislason,Kayleigh,KGislason,Kayleigh.Gislason@example.com,123,instructor
Reichert,Maryam,MReichert,Maryam.Reichert@example.com,123,instructor
Shanahan,Jettie,JShanahan,Jettie.Shanahan@example.com,123,instructor
Purdy,Celine,CPurdy,Celine.Purdy@example.com,123,instructor
Leuschke,Kevon,KLeuschke,Kevon.Leuschke@example.com,123,instructor
Borer,Bernard,BBorer,Bernard.Borer@example.com,123,instructor
Halvorson,Dillon,DHalvorson,Dillon.Halvorson@example.com,123,instructor
Ortiz,Jordane,JOrtiz,Jordane.Ortiz@example.com,123,instructor
Predovic,Loyal,LPredovic,Loyal.Predovic@example.com,123,instructor
Parker,Tevin,TParker,Tevin.Parker@example.com,123,instructor
Wiegand,Oswaldo,OWiegand,Oswaldo.Wiegand@example.com,123,instructor
Cremin,Tracy,TCremin,Tracy.Cremin@example.com,123,instructor
Prosacco,Buster,BProsacco,Buster.Prosacco@example.com,123,instructor
Pollich,Christina,CPollich,Christina.Pollich@example.com,123,instructor
Walter,Garret,GWalter,Garret.Walter@example.com,123,instructor
Little,Lila,LLittle,Lila.Little@example.com,123,instructor
Romaguera,Vernon,VRomaguera,Vernon.Romaguera@example.com,123,instructor
Botsford,Theodora,TBotsford,Theodora.Botsford@example.com,123,instructor
Roob,Amina,ARoob,Amina.Roob@example.com,123,instructor
Hilpert,Alvena,AHilpert,Alvena.Hilpert@example.com,123,instructor
Casper,Sarai,SCasper,Sarai.Casper@example.com,123,instructor
Schiller,Mallory,MSchiller,Mallory.Schiller@example.com,123,instructor
Bins,Camille,CBins,Camille.Bins@example.com,123,instructor
Krajcik,Charlotte,CKrajcik,Charlotte.Krajcik@example.com,123,instructor
Keeling,Lauriane,LKeeling,Lauriane.Keeling@example.com,123,instructor
Moen,Nakia,NMoen,Nakia.Moen@example.com,123,instructor
Kautzer,Elisha,EKautzer,Elisha.Kautzer@example.com,123,instructor
Schmeler,Luciano,LSchmeler,Luciano.Schmeler@example.com,123,instructor
Daugherty,Theo,TDaugherty,Theo.Daugherty@example.com,123,instructor
Thompson,Chris,CThompson,Chris.Thompson@example.com,123,instructor
Daniel,Valentin,VDaniel,Valentin.Daniel@example.com,123,instructor
Gulgowski,Alexanne,AGulgowski,Alexanne.Gulgowski@example.com,123,instructor
Vandervort,Dasia,DVandervort,Dasia.Vandervort@example.com,123,instructor
Beier,Myrtie,MBeier,Myrtie.Beier@example.com,123,instructor
Greenfelder,Rasheed,RGreenfelder,Rasheed.Greenfelder@example.com,123,instructor
Nitzsche,Mike,MNitzsche,Mike.Nitzsche@example.com,123,instructor
Kohler,Aditya,AKohler,Aditya.Kohler@example.com,123,instructor
Von,Darien,DVon,Darien.Von@example.com,123,instructor
Kutch,Bryana,BKutch,Bryana.Kutch@example.com,123,instructor
Nitzsche,Misael,MNitzsche,Misael.Nitzsche@example.com,123,instructor
Rath,Telly,TRath,Telly.Rath@example.com,123,instructor
Stokes,Ricardo,RStokes,Ricardo.Stokes@example.com,123,instructor
Bechtelar,Maryse,MBechtelar,Maryse.Bechtelar@example.com,123,instructor
Boyer,Bettye,BBoyer,Bettye.Boyer@example.com,123,instructor
Stehr,Philip,PStehr,Philip.Stehr@example.com,123,instructor
Mertz,Agustina,AMertz,Agustina.Mertz@example.com,123,instructor
Bayer,Erling,EBayer,Erling.Bayer@example.com,123,instructor
Casper,Jody,JCasper,Jody.Casper@example.com,123,instructor
Waters,Lela,LWaters,Lela.Waters@example.com,123,instructor
Cruickshank,Zena,ZCruickshank,Zena.Cruickshank@example.com,123,instructor
Bartell,Domingo,DBartell,Domingo.Bartell@example.com,123,instructor
Schoen,Brady,BSchoen,Brady.Schoen@example.com,123,instructor
Klein,Tara,TKlein,Tara.Klein@example.com,123,instructor
Kuvalis,Berneice,BKuvalis,Berneice.Kuvalis@example.com,123,instructor
Daugherty,Afton,ADaugherty,Afton.Daugherty@example.com,123,instructor
Smitham,Corbin,CSmitham,Corbin.Smitham@example.com,123,instructor
Lebsack,Dortha,DLebsack,Dortha.Lebsack@example.com,123,instructor
Turner,Jakayla,JTurner,Jakayla.Turner@example.com,123,instructor
O'Keefe,Bertha,BO'Keefe,Bertha.O'Keefe@example.com,123,instructor
Gerhold,Lilly,LGerhold,Lilly.Gerhold@example.com,123,instructor
Schmeler,Kolby,KSchmeler,Kolby.Schmeler@example.com,123,instructor
Runte,Elmo,ERunte,Elmo.Runte@example.com,123,instructor
Nienow,Luisa,LNienow,Luisa.Nienow@example.com,123,instructor
Klocko,Angelo,AKlocko,Angelo.Klocko@example.com,123,instructor
Windler,Josianne,JWindler,Josianne.Windler@example.com,123,instructor
Windler,Madelyn,MWindler,Madelyn.Windler@example.com,123,instructor
Treutel,Nicolette,NTreutel,Nicolette.Treutel@example.com,123,instructor
Rohan,Chanel,CRohan,Chanel.Rohan@example.com,123,instructor
Grady,Phoebe,PGrady,Phoebe.Grady@example.com,123,instructor
Romaguera,Ford,FRomaguera,Ford.Romaguera@example.com,123,instructor
Huels,Catalina,CHuels,Catalina.Huels@example.com,123,instructor
Ortiz,Ellie,EOrtiz,Ellie.Ortiz@example.com,123,instructor
Marks,Preston,PMarks,Preston.Marks@example.com,123,instructor
Gutkowski,Kassandra,KGutkowski,Kassandra.Gutkowski@example.com,123,instructor
Thompson,Ludie,LThompson,Ludie.Thompson@example.com,123,instructor
Huel,Letitia,LHuel,Letitia.Huel@example.com,123,instructor
Schroeder,Percival,PSchroeder,Percival.Schroeder@example.com,123,instructor
Stokes,Mackenzie,MStokes,Mackenzie.Stokes@example.com,123,instructor
Grant,Toney,TGrant,Toney.Grant@example.com,123,instructor
Harber,Ella,EHarber,Ella.Harber@example.com,123,instructor
Yundt,Clementina,CYundt,Clementina.Yundt@example.com,123,instructor
Armstrong,Eleanore,EArmstrong,Eleanore.Armstrong@example.com,123,instructor
Wilkinson,Trudie,TWilkinson,Trudie.Wilkinson@example.com,123,instructor
Oberbrunner,Mitchel,MOberbrunner,Mitchel.Oberbrunner@example.com,123,instructor
Stamm,Brooks,BStamm,Brooks.Stamm@example.com,123,instructor
Waelchi,Maci,MWaelchi,Maci.Waelchi@example.com,123,instructor
Kautzer,Santina,SKautzer,Santina.Kautzer@example.com,123,instructor
Witting,Alayna,AWitting,Alayna.Witting@example.com,123,instructor
Mraz,Trystan,TMraz,Trystan.Mraz@example.com,123,instructor
O'Keefe,Janelle,JO'Keefe,Janelle.O'Keefe@example.com,123,instructor
Zieme,Nicklaus,NZieme,Nicklaus.Zieme@example.com,123,instructor
Spinka,Darrell,DSpinka,Darrell.Spinka@example.com,123,instructor
Mayert,Alta,AMayert,Alta.Mayert@example.com,123,instructor
Veum,Santa,SVeum,Santa.Veum@example.com,123,instructor
Tromp,Wilber,WTromp,Wilber.Tromp@example.com,123,instructor
Roberts,Alek,ARoberts,Alek.Roberts@example.com,123,instructor
Gerlach,Evangeline,EGerlach,Evangeline.Gerlach@example.com,123,instructor
Halvorson,Neil,NHalvorson,Neil.Halvorson@example.com,123,instructor
Friesen,Santa,SFriesen,Santa.Friesen@example.com,123,instructor
Simonis,Granville,GSimonis,Granville.Simonis@example.com,123,instructor
Zieme,Celine,CZieme,Celine.Zieme@example.com,123,instructor
Altenwerth,Gideon,GAltenwerth,Gideon.Altenwerth@example.com,123,instructor
Stanton,Lelah,LStanton,Lelah.Stanton@example.com,123,instructor
Beatty,Savion,SBeatty,Savion.Beatty@example.com,123,instructor
Marvin,Ophelia,OMarvin,Ophelia.Marvin@example.com,123,instructor
Runolfsson,Charley,CRunolfsson,Charley.Runolfsson@example.com,123,instructor
Grimes,Zena,ZGrimes,Zena.Grimes@example.com,123,instructor
Wiegand,Ottilie,OWiegand,Ottilie.Wiegand@example.com,123,instructor
Hammes,Elian,EHammes,Elian.Hammes@example.com,123,instructor
Lakin,Marielle,MLakin,Marielle.Lakin@example.com,123,instructor
Feil,Shany,SFeil,Shany.Feil@example.com,123,instructor
O'Connell,Ibrahim,IO'Connell,Ibrahim.O'Connell@example.com,123,instructor
Ruecker,Willy,WRuecker,Willy.Ruecker@example.com,123,instructor
Wisozk,Elmore,EWisozk,Elmore.Wisozk@example.com,123,instructor
Osinski,Rickey,ROsinski,Rickey.Osinski@example.com,123,instructor
Prohaska,Verdie,VProhaska,Verdie.Prohaska@example.com,123,instructor
Gaylord,Rozella,RGaylord,Rozella.Gaylord@example.com,123,instructor
Rohan,Emmy,ERohan,Emmy.Rohan@example.com,123,instructor
Okuneva,Damaris,DOkuneva,Damaris.Okuneva@example.com,123,instructor
Keeling,Stone,SKeeling,Stone.Keeling@example.com,123,instructor
Price,Drew,DPrice,Drew.Price@example.com,123,instructor
Gulgowski,Britney,BGulgowski,Britney.Gulgowski@example.com,123,instructor
Dach,Oceane,ODach,Oceane.Dach@example.com,123,instructor
Hackett,Kristin,KHackett,Kristin.Hackett@example.com,123,instructor
Ondricka,Kayden,KOndricka,Kayden.Ondricka@example.com,123,instructor
Farrell,Maybelle,MFarrell,Maybelle.Farrell@example.com,123,instructor
Lesch,Pat,PLesch,Pat.Lesch@example.com,123,instructor
Howe,Retha,RHowe,Retha.Howe@example.com,123,instructor
Paucek,Jack,JPaucek,Jack.Paucek@example.com,123,instructor
Bergnaum,Jermaine,JBergnaum,Jermaine.Bergnaum@example.com,123,instructor
Jacobs,Bell,BJacobs,Bell.Jacobs@example.com,123,instructor
Daniel,Chanel,CDaniel,Chanel.Daniel@example.com,123,instructor
Smith,Camden,CSmith,Camden.Smith@example.com,123,instructor
Klocko,Melany,MKlocko,Melany.Klocko@example.com,123,instructor
Block,Lorena,LBlock,Lorena.Block@example.com,123,instructor
Witting,Durward,DWitting,Durward.Witting@example.com,123,instructor
Brown,Abbigail,ABrown,Abbigail.Brown@example.com,123,instructor
Hane,Corene,CHane,Corene.Hane@example.com,123,instructor
Welch,Odessa,OWelch,Odessa.Welch@example.com,123,instructor
Reinger,Sydney,SReinger,Sydney.Reinger@example.com,123,instructor
Schumm,Ignacio,ISchumm,Ignacio.Schumm@example.com,123,instructor
Hammes,Tabitha,THammes,Tabitha.Hammes@example.com,123,instructor
Spencer,Vallie,VSpencer,Vallie.Spencer@example.com,123,instructor
Wilderman,Lilly,LWilderman,Lilly.Wilderman@example.com,123,instructor
Wilkinson,Carlie,CWilkinson,Carlie.Wilkinson@example.com,123,instructor
Russel,Dayana,DRussel,Dayana.Russel@example.com,123,instructor
Hauck,Reinhold,RHauck,Reinhold.Hauck@example.com,123,instructor
Hintz,Mia,MHintz,Mia.Hintz@example.com,123,instructor
Beatty,Dakota,DBeatty,Dakota.Beatty@example.com,123,instructor
Balistreri,Holly,HBalistreri,Holly.Balistreri@example.com,123,instructor
Cassin,Joshua,JCassin,Joshua.Cassin@example.com,123,instructor
Tillman,Frederic,FTillman,Frederic.Tillman@example.com,123,instructor
Nicolas,Evert,ENicolas,Evert.Nicolas@example.com,123,instructor
Huels,Gilbert,GHuels,Gilbert.Huels@example.com,123,instructor
Kessler,Samara,SKessler,Samara.Kessler@example.com,123,instructor
Macejkovic,Rosa,RMacejkovic,Rosa.Macejkovic@example.com,123,instructor
Green,Lauryn,LGreen,Lauryn.Green@example.com,123,instructor
Heaney,Zelda,ZHeaney,Zelda.Heaney@example.com,123,instructor
Stark,Giovani,GStark,Giovani.Stark@example.com,123,instructor
Wiegand,Coy,CWiegand,Coy.Wiegand@example.com,123,instructor
Hauck,Cecilia,CHauck,Cecilia.Hauck@example.com,123,instructor
Beier,Mariana,MBeier,Mariana.Beier@example.com,123,instructor
Schroeder,Diana,DSchroeder,Diana.Schroeder@example.com,123,instructor
Ankunding,Alicia,AAnkunding,Alicia.Ankunding@example.com,123,instructor
Walter,Kyla,KWalter,Kyla.Walter@example.com,123,instructor
Turner,Shanon,STurner,Shanon.Turner@example.com,123,instructor
Ortiz,Alivia,AOrtiz,Alivia.Ortiz@example.com,123,instructor
Harber,Winston,WHarber,Winston.Harber@example.com,123,instructor
Kovacek,Maida,MKovacek,Maida.Kovacek@example.com,123,instructor
Streich,Murl,MStreich,Murl.Streich@example.com,123,instructor
Leuschke,Scotty,SLeuschke,Scotty.Leuschke@example.com,123,instructor
Schimmel,Jordan,JSchimmel,Jordan.Schimmel@example.com,123,instructor
Tillman,Cecilia,CTillman,Cecilia.Tillman@example.com,123,instructor
Cartwright,Alyson,ACartwright,Alyson.Cartwright@example.com,123,instructor
Purdy,Elisa,EPurdy,Elisa.Purdy@example.com,123,instructor
Von,Ana,AVon,Ana.Von@example.com,123,instructor
Hickle,Ernesto,EHickle,Ernesto.Hickle@example.com,123,instructor
Runte,Kevon,KRunte,Kevon.Runte@example.com,123,instructor
Johns,Alvina,AJohns,Alvina.Johns@example.com,123,instructor
Kulas,Archibald,AKulas,Archibald.Kulas@example.com,123,instructor
Grant,Shawn,SGrant,Shawn.Grant@example.com,123,instructor
Hegmann,Walton,WHegmann,Walton.Hegmann@example.com,123,instructor
Towne,Dante,DTowne,Dante.Towne@example.com,123,instructor
Hermann,Jeramy,JHermann,Jeramy.Hermann@example.com,123,instructor
Miller,Geo,GMiller,Geo.Miller@example.com,123,instructor
Kunze,Jaleel,JKunze,Jaleel.Kunze@example.com,123,instructor
Rutherford,Rosa,RRutherford,Rosa.Rutherford@example.com,123,instructor
Larkin,Mekhi,MLarkin,Mekhi.Larkin@example.com,123,instructor
Jerde,Dusty,DJerde,Dusty.Jerde@example.com,123,instructor
Daniel,Brock,BDaniel,Brock.Daniel@example.com,123,instructor
Gerhold,Angelita,AGerhold,Angelita.Gerhold@example.com,123,instructor
Moen,Harold,HMoen,Harold.Moen@example.com,123,instructor
Leffler,Hilbert,HLeffler,Hilbert.Leffler@example.com,123,instructor
Blanda,Sylvan,SBlanda,Sylvan.Blanda@example.com,123,instructor
Vandervort,Kameron,KVandervort,Kameron.Vandervort@example.com,123,instructor
Schmitt,Lizzie,LSchmitt,Lizzie.Schmitt@example.com,123,instructor
Mann,Hilario,HMann,Hilario.Mann@example.com,123,instructor
Konopelski,Verona,VKonopelski,Verona.Konopelski@example.com,123,instructor
Homenick,Ted,THomenick,Ted.Homenick@example.com,123,instructor
Rowe,Hermina,HRowe,Hermina.Rowe@example.com,123,instructor
Greenholt,Gunner,GGreenholt,Gunner.Greenholt@example.com,123,instructor
Cremin,Christophe,CCremin,Christophe.Cremin@example.com,123,instructor
Mueller,Roosevelt,RMueller,Roosevelt.Mueller@example.com,123,instructor
Borer,Colten,CBorer,Colten.Borer@example.com,123,instructor
Greenfelder,Thora,TGreenfelder,Thora.Greenfelder@example.com,123,instructor
Mills,Arnaldo,AMills,Arnaldo.Mills@example.com,123,instructor
Friesen,Hildegard,HFriesen,Hildegard.Friesen@example.com,123,instructor
Herman,Hunter,HHerman,Hunter.Herman@example.com,123,instructor
Cummings,Brenda,BCummings,Brenda.Cummings@example.com,123,instructor
Klein,Audie,AKlein,Audie.Klein@example.com,123,instructor
Streich,Kattie,KStreich,Kattie.Streich@example.com,123,instructor
Bernhard,Norbert,NBernhard,Norbert.Bernhard@example.com,123,instructor
Mante,Marcelino,MMante,Marcelino.Mante@example.com,123,instructor
Steuber,Ryann,RSteuber,Ryann.Steuber@example.com,123,instructor
Wisozk,Neal,NWisozk,Neal.Wisozk@example.com,123,instructor
McClure,Camren,CMcClure,Camren.McClure@example.com,123,instructor
Walker,Felix,FWalker,Felix.Walker@example.com,123,instructor
Lehner,Quincy,QLehner,Quincy.Lehner@example.com,123,instructor
Mills,Damon,DMills,Damon.Mills@example.com,123,instructor
Jewess,Claud,CJewess,Claud.Jewess@example.com,123,instructor
Connelly,Aaliyah,AConnelly,Aaliyah.Connelly@example.com,123,instructor
McCullough,Ayana,AMcCullough,Ayana.McCullough@example.com,123,instructor
Mitchell,Dominic,DMitchell,Dominic.Mitchell@example.com,123,instructor
Hoeger,Nicklaus,NHoeger,Nicklaus.Hoeger@example.com,123,instructor
Pouros,Ettie,EPouros,Ettie.Pouros@example.com,123,instructor
Emmerich,Mario,MEmmerich,Mario.Emmerich@example.com,123,instructor
Denesik,Elmo,EDenesik,Elmo.Denesik@example.com,123,instructor
Corkery,Jazlyn,JCorkery,Jazlyn.Corkery@example.com,123,instructor
Towne,Jettie,JTowne,Jettie.Towne@example.com,123,instructor
Gerhold,Judd,JGerhold,Judd.Gerhold@example.com,123,instructor
Bode,Kayli,KBode,Kayli.Bode@example.com,123,instructor
Weimann,Arthur,AWeimann,Arthur.Weimann@example.com,123,instructor
Lockman,Neal,NLockman,Neal.Lockman@example.com,123,instructor
Gleichner,Price,PGleichner,Price.Gleichner@example.com,123,instructor
Harris,Cassidy,CHarris,Cassidy.Harris@example.com,123,instructor
White,Aiden,AWhite,Aiden.White@example.com,123,instructor
Schimmel,Donnell,DSchimmel,Donnell.Schimmel@example.com,123,instructor
McClure,Queenie,QMcClure,Queenie.McClure@example.com,123,instructor
Hegmann,Ibrahim,IHegmann,Ibrahim.Hegmann@example.com,123,instructor
White,Jaida,JWhite,Jaida.White@example.com,123,instructor
Fritsch,Raegan,RFritsch,Raegan.Fritsch@example.com,123,instructor
Kemmer,Nelle,NKemmer,Nelle.Kemmer@example.com,123,instructor
Abshire,Jarred,JAbshire,Jarred.Abshire@example.com,123,instructor
Conroy,Alvah,AConroy,Alvah.Conroy@example.com,123,instructor
Weimann,Rasheed,RWeimann,Rasheed.Weimann@example.com,123,instructor
Bins,Ubaldo,UBins,Ubaldo.Bins@example.com,123,instructor
Sanford,Albertha,ASanford,Albertha.Sanford@example.com,123,instructor
Mertz,Leonor,LMertz,Leonor.Mertz@example.com,123,instructor
Schiller,Reilly,RSchiller,Reilly.Schiller@example.com,123,instructor
Brown,Abigayle,ABrown,Abigayle.Brown@example.com,123,instructor
Turcotte,Cristobal,CTurcotte,Cristobal.Turcotte@example.com,123,instructor
Schamberger,Morgan,MSchamberger,Morgan.Schamberger@example.com,123,instructor
Hilpert,Silas,SHilpert,Silas.Hilpert@example.com,123,instructor
Sporer,Wyman,WSporer,Wyman.Sporer@example.com,123,instructor
Nitzsche,Alvera,ANitzsche,Alvera.Nitzsche@example.com,123,instructor
Parker,Kasey,KParker,Kasey.Parker@example.com,123,instructor
Huel,Arvid,AHuel,Arvid.Huel@example.com,123,instructor
Walsh,Barry,BWalsh,Barry.Walsh@example.com,123,instructor
Keeling,Ramon,RKeeling,Ramon.Keeling@example.com,123,instructor
Pouros,Orin,OPouros,Orin.Pouros@example.com,123,instructor
Heidenreich,Jadyn,JHeidenreich,Jadyn.Heidenreich@example.com,123,instructor
Schinner,Queenie,QSchinner,Queenie.Schinner@example.com,123,instructor
Hintz,Maud,MHintz,Maud.Hintz@example.com,123,instructor
Mertz,Alysa,AMertz,Alysa.Mertz@example.com,123,instructor
Greenholt,Brooks,BGreenholt,Brooks.Greenholt@example.com,123,instructor
Marquardt,Hadley,HMarquardt,Hadley.Marquardt@example.com,123,instructor
Becker,Linnea,LBecker,Linnea.Becker@example.com,123,instructor
McCullough,Richmond,RMcCullough,Richmond.McCullough@example.com,123,instructor
Ziemann,Kaden,KZiemann,Kaden.Ziemann@example.com,123,instructor
Mills,Gay,GMills,Gay.Mills@example.com,123,instructor
Volkman,Marcelo,MVolkman,Marcelo.Volkman@example.com,123,instructor
Tremblay,Dewitt,DTremblay,Dewitt.Tremblay@example.com,123,instructor
Reichert,Hubert,HReichert,Hubert.Reichert@example.com,123,instructor
Mraz,Lennie,LMraz,Lennie.Mraz@example.com,123,instructor
Spinka,Shaina,SSpinka,Shaina.Spinka@example.com,123,instructor
Heidenreich,Leila,LHeidenreich,Leila.Heidenreich@example.com,123,instructor
Turcotte,Werner,WTurcotte,Werner.Turcotte@example.com,123,instructor
Legros,Estevan,ELegros,Estevan.Legros@example.com,123,instructor
Baumbach,Hester,HBaumbach,Hester.Baumbach@example.com,123,instructor
Kovacek,Shanel,SKovacek,Shanel.Kovacek@example.com,123,instructor
Trantow,Santiago,STrantow,Santiago.Trantow@example.com,123,instructor
Schamberger,Rick,RSchamberger,Rick.Schamberger@example.com,123,instructor
Rodriguez,Kayla,KRodriguez,Kayla.Rodriguez@example.com,123,instructor
Hoeger,Anahi,AHoeger,Anahi.Hoeger@example.com,123,instructor
Funk,Ryann,RFunk,Ryann.Funk@example.com,123,instructor
Fadel,Vidal,VFadel,Vidal.Fadel@example.com,123,instructor
Kuhn,Bessie,BKuhn,Bessie.Kuhn@example.com,123,instructor
Farrell,Mina,MFarrell,Mina.Farrell@example.com,123,instructor
Metz,German,GMetz,German.Metz@example.com,123,instructor
Nader,Elfrieda,ENader,Elfrieda.Nader@example.com,123,instructor
Nicolas,Anastasia,ANicolas,Anastasia.Nicolas@example.com,123,instructor
Watsica,Simone,SWatsica,Simone.Watsica@example.com,123,instructor
Schuppe,Maya,MSchuppe,Maya.Schuppe@example.com,123,instructor
Volkman,Roxanne,RVolkman,Roxanne.Volkman@example.com,123,instructor
Adams,Hellen,HAdams,Hellen.Adams@example.com,123,instructor
Windler,Dexter,DWindler,Dexter.Windler@example.com,123,instructor
Frami,Richie,RFrami,Richie.Frami@example.com,123,instructor
Padberg,Manley,MPadberg,Manley.Padberg@example.com,123,instructor
Watsica,Kiley,KWatsica,Kiley.Watsica@example.com,123,instructor
Bartoletti,Theo,TBartoletti,Theo.Bartoletti@example.com,123,instructor
Hamill,Berta,BHamill,Berta.Hamill@example.com,123,instructor
Marvin,Camille,CMarvin,Camille.Marvin@example.com,123,instructor
Romaguera,Darryl,DRomaguera,Darryl.Romaguera@example.com,123,instructor
Brakus,Assunta,ABrakus,Assunta.Brakus@example.com,123,instructor
Pouros,Demarco,DPouros,Demarco.Pouros@example.com,123,instructor
Block,Eleazar,EBlock,Eleazar.Block@example.com,123,instructor
Gusikowski,Dessie,DGusikowski,Dessie.Gusikowski@example.com,123,instructor
Powlowski,Reyna,RPowlowski,Reyna.Powlowski@example.com,123,instructor
Streich,Geovany,GStreich,Geovany.Streich@example.com,123,instructor
Hintz,Ahmed,AHintz,Ahmed.Hintz@example.com,123,instructor
Kutch,Lazaro,LKutch,Lazaro.Kutch@example.com,123,instructor
Wehner,Cheyenne,CWehner,Cheyenne.Wehner@example.com,123,instructor
Bednar,Mariah,MBednar,Mariah.Bednar@example.com,123,instructor
McGlynn,Josue,JMcGlynn,Josue.McGlynn@example.com,123,instructor
Kuhlman,Muriel,MKuhlman,Muriel.Kuhlman@example.com,123,instructor
Ratke,Casandra,CRatke,Casandra.Ratke@example.com,123,instructor
Rippin,Timmothy,TRippin,Timmothy.Rippin@example.com,123,instructor
O'Keefe,Zola,ZO'Keefe,Zola.O'Keefe@example.com,123,instructor
Hodkiewicz,Brent,BHodkiewicz,Brent.Hodkiewicz@example.com,123,instructor
Bartell,August,ABartell,August.Bartell@example.com,123,instructor
Kuhn,Mitchel,MKuhn,Mitchel.Kuhn@example.com,123,instructor
Considine,Daniela,DConsidine,Daniela.Considine@example.com,123,instructor
Yundt,Retta,RYundt,Retta.Yundt@example.com,123,instructor
Kling,Rigoberto,RKling,Rigoberto.Kling@example.com,123,instructor
Schmidt,Tyree,TSchmidt,Tyree.Schmidt@example.com,123,instructor
Spinka,Abelardo,ASpinka,Abelardo.Spinka@example.com,123,instructor
Kreiger,Kirsten,KKreiger,Kirsten.Kreiger@example.com,123,instructor
Koch,Doyle,DKoch,Doyle.Koch@example.com,123,instructor
Bayer,Gilbert,GBayer,Gilbert.Bayer@example.com,123,instructor
Armstrong,Luther,LArmstrong,Luther.Armstrong@example.com,123,instructor
Mitchell,Spencer,SMitchell,Spencer.Mitchell@example.com,123,instructor
Wehner,Ivah,IWehner,Ivah.Wehner@example.com,123,instructor
Goodwin,Jarred,JGoodwin,Jarred.Goodwin@example.com,123,instructor
Wolf,Darby,DWolf,Darby.Wolf@example.com,123,instructor
Lockman,Georgette,GLockman,Georgette.Lockman@example.com,123,instructor
Kutch,Cristal,CKutch,Cristal.Kutch@example.com,123,instructor
Ratke,Brandi,BRatke,Brandi.Ratke@example.com,123,instructor
Konopelski,Hayley,HKonopelski,Hayley.Konopelski@example.com,123,instructor
Schuppe,Arvel,ASchuppe,Arvel.Schuppe@example.com,123,instructor
Kertzmann,Dena,DKertzmann,Dena.Kertzmann@example.com,123,instructor
Flatley,Trevion,TFlatley,Trevion.Flatley@example.com,123,instructor
Barton,Maryse,MBarton,Maryse.Barton@example.com,123,instructor
Quitzon,Narciso,NQuitzon,Narciso.Quitzon@example.com,123,instructor
Stamm,Bridgette,BStamm,Bridgette.Stamm@example.com,123,instructor
Ratke,Reagan,RRatke,Reagan.Ratke@example.com,123,instructor
Bednar,Lucius,LBednar,Lucius.Bednar@example.com,123,instructor